order_id,user_id,date,product,price,quantity,store
1020,148,2026-01-20,Keyboard,80.0,1,C
1015,143,2026-01-15,Keyboard,80.0,1,A
1044,119,2026-02-13,Laptop,1200.0,4,B
1038,126,2026-02-07,Monitor,300.0,4,C
1067,121,2026-03-08,Tablet,500.0,2,B
1004,101,2026-01-04,Laptop,1200.0,2,A
1080,114,2026-03-21,Keyboard,80.0,2,C
1042,137,2026-02-11,Mouse,25.0,4,A
1039,113,2026-02-08,Monitor,300.0,4,A
1069,125,2026-03-10,Monitor,300.0,1,A
1003,116,2026-01-03,Keyboard,80.0,4,B
1002,137,2026-01-02,Keyboard,80.0,4,A
1061,118,2026-03-02,Monitor,300.0,2,A
1054,110,2026-02-23,Laptop,1200.0,3,A
1096,143,2026-04-06,Laptop,1200.0,4,C
1075,125,2026-03-16,Tablet,500.0,3,B
1093,116,2026-04-03,Laptop,1200.0,3,C
1027,115,2026-01-27,Keyboard,80.0,2,B
1060,112,2026-03-01,Tablet,500.0,4,B
1047,123,2026-02-16,Monitor,300.0,3,C
1091,133,2026-04-01,Mouse,25.0,2,A
1071,106,2026-03-12,Laptop,1200.0,2,A
1051,129,2026-02-20,Laptop,1200.0,2,B
1045,130,2026-02-14,Monitor,300.0,2,C
1077,135,2026-03-18,Laptop,1200.0,3,B
1056,119,2026-02-25,Monitor,300.0,1,B
1022,125,2026-01-22,Laptop,1200.0,2,C
1062,147,2026-03-03,Keyboard,80.0,2,C
1007,126,2026-01-07,Laptop,1200.0,4,A
1064,112,2026-03-05,Keyboard,80.0,3,A
1043,128,2026-02-12,Monitor,300.0,2,B
1035,123,2026-02-04,Tablet,500.0,2,C
1085,143,2026-03-26,Monitor,300.0,4,B
1053,125,2026-02-22,Keyboard,80.0,1,C
1036,131,2026-02-05,Laptop,1200.0,1,C
1040,102,2026-02-09,Monitor,300.0,3,B
1046,114,2026-02-15,Keyboard,80.0,4,B
1005,150,2026-01-05,Mouse,25.0,3,B
1006,129,2026-01-06,Monitor,300.0,4,C
1049,131,2026-02-18,Keyboard,80.0,4,A
1033,114,2026-02-02,Laptop,1200.0,3,A
1021,112,2026-01-21,Keyboard,80.0,3,B
1084,122,2026-03-25,Keyboard,80.0,1,A
1059,125,2026-02-28,Laptop,1200.0,1,C
1048,124,2026-02-17,Monitor,300.0,3,B
1081,125,2026-03-22,Mouse,25.0,4,B
1018,117,2026-01-18,Keyboard,80.0,1,C
1068,133,2026-03-09,Tablet,500.0,4,A
1082,116,2026-03-23,Keyboard,80.0,1,C
1008,130,2026-01-08,Tablet,500.0,2,A
1088,149,2026-03-29,Tablet,500.0,3,B
1098,144,2026-04-08,Mouse,25.0,3,A
1099,134,2026-04-09,Laptop,1200.0,2,B
1100,146,2026-04-10,Tablet,500.0,1,B
1025,109,2026-01-25,Tablet,500.0,3,C
1011,150,2026-01-11,Monitor,300.0,4,B
1097,146,2026-04-07,Mouse,25.0,3,B
1087,112,2026-03-28,Monitor,300.0,3,C
1057,117,2026-02-26,Mouse,25.0,4,A
1072,105,2026-03-13,Monitor,300.0,1,B
1024,134,2026-01-24,Mouse,25.0,1,B
1023,144,2026-01-23,Keyboard,80.0,2,C
1092,150,2026-04-02,Mouse,25.0,2,A
1095,141,2026-04-05,Mouse,25.0,1,B
1019,137,2026-01-19,Laptop,1200.0,1,C
1028,150,2026-01-28,Keyboard,80.0,1,A
1089,113,2026-03-30,Tablet,500.0,4,B
1058,108,2026-02-27,Laptop,1200.0,4,B
1032,126,2026-02-01,Keyboard,80.0,3,C
1066,134,2026-03-07,Keyboard,80.0,1,C
1013,110,2026-01-13,Keyboard,80.0,4,B
1083,107,2026-03-24,Mouse,25.0,4,A
1031,114,2026-01-31,Laptop,1200.0,1,B
1076,145,2026-03-17,Tablet,500.0,1,A
1026,137,2026-01-26,Mouse,25.0,3,A
1014,101,2026-01-14,Mouse,25.0,3,A
1070,145,2026-03-11,Keyboard,80.0,3,B
1078,141,2026-03-19,Tablet,500.0,4,A
1086,123,2026-03-27,Mouse,25.0,2,B
1052,111,2026-02-21,Laptop,1200.0,1,C
1050,112,2026-02-19,Monitor,300.0,2,A
1079,116,2026-03-20,Mouse,25.0,2,C
1073,108,2026-03-14,Keyboard,80.0,1,C
1034,129,2026-02-03,Tablet,500.0,1,C
1063,108,2026-03-04,Keyboard,80.0,2,B
1055,116,2026-02-24,Monitor,300.0,2,B
1012,109,2026-01-12,Monitor,300.0,4,A
1017,137,2026-01-17,Mouse,25.0,3,B
1037,131,2026-02-06,Mouse,25.0,1,A
1041,132,2026-02-10,Mouse,25.0,2,A
1001,110,2026-01-01,Laptop,1200.0,2,C
1074,125,2026-03-15,Tablet,500.0,3,A
1009,149,2026-01-09,Mouse,25.0,4,A
1030,106,2026-01-30,Laptop,1200.0,4,C
1094,145,2026-04-04,Laptop,1200.0,1,C
1090,129,2026-03-31,Laptop,1200.0,2,C
1029,114,2026-01-29,Tablet,500.0,1,B
1065,129,2026-03-06,Keyboard,80.0,4,B
1016,141,2026-01-16,Laptop,1200.0,2,A
1010,130,2026-01-10,Laptop,1200.0,1,C
